{"cameraMode":{"drawMode":0,"name":"Shaded","section":"Shading Mode"},"sceneLighting":false,"audioPlay":false,"sceneViewState":{"showFog":true,"showMaterialUpdate":false,"showSkybox":true,"showFlares":true,"showImageEffects":true,"showParticleSystems":true},"in2DMode":false,"pivot":{"x":3.0125482082366945,"y":-1.4452850818634034,"z":-1.6240653991699219},"rotation":{"x":-0.11936939507722855,"y":-0.870578408241272,"z":0.25932005047798159,"w":-0.40074586868286135},"size":8.169364929199219,"orthographic":false}