{"cameraMode":{"drawMode":0,"name":"Shaded","section":"Shading Mode"},"sceneLighting":false,"audioPlay":false,"sceneViewState":{"showFog":true,"showMaterialUpdate":false,"showSkybox":true,"showFlares":true,"showImageEffects":true,"showParticleSystems":true},"in2DMode":false,"pivot":{"x":-9.663314819335938,"y":-1.177484154701233,"z":-1.32234787940979},"rotation":{"x":-0.2017281949520111,"y":-0.051396336406469348,"z":0.010599800385534764,"w":-0.9780347347259522},"size":0.2857885956764221,"orthographic":false}