{"cameraMode":{"drawMode":0,"name":"Shaded","section":"Shading Mode"},"sceneLighting":false,"audioPlay":false,"sceneViewState":{"showFog":true,"showMaterialUpdate":false,"showSkybox":true,"showFlares":true,"showImageEffects":true,"showParticleSystems":true},"in2DMode":false,"pivot":{"x":-0.04511451721191406,"y":-0.13843297958374024,"z":-0.7165369987487793},"rotation":{"x":-0.2603059411048889,"y":0.6094009876251221,"z":-0.22175781428813935,"w":-0.7153284549713135},"size":7.454487323760986,"orthographic":false}