{"cameraMode":{"drawMode":0,"name":"Shaded","section":"Shading Mode"},"sceneLighting":false,"audioPlay":false,"sceneViewState":{"showFog":true,"showMaterialUpdate":false,"showSkybox":true,"showFlares":true,"showImageEffects":true,"showParticleSystems":true},"in2DMode":false,"pivot":{"x":0.42148932814598086,"y":0.5291968584060669,"z":0.7295891642570496},"rotation":{"x":-0.27384841442108157,"y":-0.08067561686038971,"z":0.023059753701090814,"w":-0.9581058025360107},"size":3.2834584712982179,"orthographic":false}