{"cameraMode":{"drawMode":0,"name":"Shaded","section":"Shading Mode"},"sceneLighting":false,"audioPlay":false,"sceneViewState":{"showFog":true,"showMaterialUpdate":false,"showSkybox":true,"showFlares":true,"showImageEffects":true,"showParticleSystems":true},"in2DMode":false,"pivot":{"x":-9.663314819335938,"y":-1.177484154701233,"z":-1.32234787940979},"rotation":{"x":-0.16891983151435853,"y":-0.6617965698242188,"z":0.15670321881771089,"w":-0.713397204875946},"size":1.7857885360717774,"orthographic":false}