{"cameraMode":{"drawMode":0,"name":"Shaded","section":"Shading Mode"},"sceneLighting":false,"audioPlay":false,"sceneViewState":{"showFog":true,"showMaterialUpdate":false,"showSkybox":true,"showFlares":true,"showImageEffects":true,"showParticleSystems":true},"in2DMode":false,"pivot":{"x":0.1873200684785843,"y":0.9135260581970215,"z":0.016926376149058343},"rotation":{"x":-0.06279154121875763,"y":-0.6548458337783814,"z":0.05474165454506874,"w":-0.7511574625968933},"size":3.2834584712982179,"orthographic":false}