{"cameraMode":{"drawMode":0,"name":"Shaded","section":"Shading Mode"},"sceneLighting":false,"audioPlay":false,"sceneViewState":{"showFog":true,"showMaterialUpdate":false,"showSkybox":true,"showFlares":true,"showImageEffects":true,"showParticleSystems":true},"in2DMode":false,"pivot":{"x":-1.393700122833252,"y":-7.671975612640381,"z":21.050905227661134},"rotation":{"x":-0.18821266293525697,"y":-0.07505327463150025,"z":0.014425728470087052,"w":-0.979150116443634},"size":30.41084098815918,"orthographic":false}