{"cameraMode":{"drawMode":0,"name":"Shaded","section":"Shading Mode"},"sceneLighting":false,"audioPlay":false,"sceneViewState":{"showFog":true,"showMaterialUpdate":false,"showSkybox":true,"showFlares":true,"showImageEffects":true,"showParticleSystems":true},"in2DMode":false,"pivot":{"x":23.506654739379884,"y":-11.163037300109864,"z":2.174456834793091},"rotation":{"x":-0.16891983151435853,"y":-0.6617965698242188,"z":0.15670321881771089,"w":-0.713397204875946},"size":28.578840255737306,"orthographic":false}