{"cameraMode":{"drawMode":0,"name":"Shaded","section":"Shading Mode"},"sceneLighting":false,"audioPlay":false,"sceneViewState":{"showFog":true,"showMaterialUpdate":false,"showSkybox":true,"showFlares":true,"showImageEffects":true,"showParticleSystems":true},"in2DMode":false,"pivot":{"x":1.0276228189468384,"y":-0.3475445806980133,"z":-0.10161265730857849},"rotation":{"x":0.2185240089893341,"y":0.6020411252975464,"z":-0.17599056661128999,"w":0.7475433349609375},"size":4.4486613273620609,"orthographic":false}