{"cameraMode":{"drawMode":0,"name":"Shaded","section":"Shading Mode"},"sceneLighting":true,"audioPlay":false,"sceneViewState":{"showFog":true,"showMaterialUpdate":false,"showSkybox":true,"showFlares":true,"showImageEffects":true,"showParticleSystems":true},"in2DMode":false,"pivot":{"x":55.804386138916019,"y":41.820098876953128,"z":9.326239585876465},"rotation":{"x":-0.21266929805278779,"y":0.6664447784423828,"z":-0.2072531133890152,"w":-0.6838635802268982},"size":7.705707550048828,"orthographic":false}