{"cameraMode":{"drawMode":0,"name":"Shaded","section":"Shading Mode"},"sceneLighting":false,"audioPlay":false,"sceneViewState":{"showFog":true,"showMaterialUpdate":false,"showSkybox":true,"showFlares":true,"showImageEffects":true,"showParticleSystems":true},"in2DMode":false,"pivot":{"x":10.916548728942871,"y":3.1989474296569826,"z":16.51597785949707},"rotation":{"x":-0.33104607462882998,"y":-0.40208274126052859,"z":0.15869052708148957,"w":-0.8387820720672607},"size":2.8578836917877199,"orthographic":false}