{"cameraMode":{"drawMode":0,"name":"Shaded","section":"Shading Mode"},"sceneLighting":false,"audioPlay":false,"sceneViewState":{"showFog":true,"showMaterialUpdate":false,"showSkybox":true,"showFlares":true,"showImageEffects":true,"showParticleSystems":true},"in2DMode":false,"pivot":{"x":0.025228500366210939,"y":1.2734930515289307,"z":0.27461493015289309},"rotation":{"x":-0.14276771247386933,"y":-0.6994550824165344,"z":0.14579792320728303,"w":-0.6849254965782166},"size":2.6763789653778078,"orthographic":false}