{"cameraMode":{"drawMode":0,"name":"Shaded","section":"Shading Mode"},"sceneLighting":true,"audioPlay":false,"sceneViewState":{"showFog":true,"showMaterialUpdate":false,"showSkybox":true,"showFlares":true,"showImageEffects":true,"showParticleSystems":true},"in2DMode":false,"pivot":{"x":87.84896850585938,"y":323.16168212890627,"z":-1035.703125},"rotation":{"x":-0.03209824487566948,"y":0.1558847278356552,"z":-0.005066575016826391,"w":-0.9872406125068665},"size":1260.5430908203125,"orthographic":false}