{"cameraMode":{"drawMode":0,"name":"Shaded","section":"Shading Mode"},"sceneLighting":false,"audioPlay":false,"sceneViewState":{"showFog":true,"showMaterialUpdate":false,"showSkybox":true,"showFlares":true,"showImageEffects":true,"showParticleSystems":true},"in2DMode":false,"pivot":{"x":1.5410130023956299,"y":-0.7460483908653259,"z":0.6586986184120178},"rotation":{"x":-0.13832879066467286,"y":-0.6761882305145264,"z":0.1314479410648346,"w":-0.711587131023407},"size":7.347273349761963,"orthographic":false}