{"cameraMode":{"drawMode":0,"name":"Shaded","section":"Shading Mode"},"sceneLighting":false,"audioPlay":false,"sceneViewState":{"showFog":true,"showMaterialUpdate":false,"showSkybox":true,"showFlares":true,"showImageEffects":true,"showParticleSystems":true},"in2DMode":false,"pivot":{"x":-1.8828269243240357,"y":0.6220915913581848,"z":0.11153186857700348},"rotation":{"x":-0.13694654405117036,"y":-0.7084968686103821,"z":0.14325204491615296,"w":-0.6773158311843872},"size":1.2943270206451417,"orthographic":false}