{"cameraMode":{"drawMode":0,"name":"Shaded","section":"Shading Mode"},"sceneLighting":false,"audioPlay":false,"sceneViewState":{"showFog":true,"showMaterialUpdate":false,"showSkybox":true,"showFlares":true,"showImageEffects":true,"showParticleSystems":true},"in2DMode":false,"pivot":{"x":2.3659934997558595,"y":-1.5852947235107422,"z":20.53474235534668},"rotation":{"x":-0.16891983151435853,"y":-0.6617965698242188,"z":0.15670321881771089,"w":-0.713397204875946},"size":0.47913429141044619,"orthographic":false}