{"cameraMode":{"drawMode":0,"name":"Shaded","section":"Shading Mode"},"sceneLighting":false,"audioPlay":false,"sceneViewState":{"showFog":true,"showMaterialUpdate":false,"showSkybox":true,"showFlares":true,"showImageEffects":true,"showParticleSystems":true},"in2DMode":false,"pivot":{"x":20.239910125732423,"y":1.333883285522461,"z":19.844440460205079},"rotation":{"x":-0.0024602182675153019,"y":-0.9947947263717651,"z":0.09881000965833664,"w":-0.02477712370455265},"size":8.456023216247559,"orthographic":false}