{"cameraMode":{"drawMode":0,"name":"Shaded","section":"Shading Mode"},"sceneLighting":false,"audioPlay":false,"sceneViewState":{"showFog":true,"showMaterialUpdate":false,"showSkybox":true,"showFlares":true,"showImageEffects":true,"showParticleSystems":true},"in2DMode":false,"pivot":{"x":0.0,"y":0.9600000977516174,"z":0.7013998031616211},"rotation":{"x":-0.09538072347640991,"y":-0.6912879943847656,"z":0.09283971041440964,"w":-0.7102141976356506},"size":2.985788106918335,"orthographic":false}