{"cameraMode":{"drawMode":0,"name":"Shaded","section":"Shading Mode"},"sceneLighting":false,"audioPlay":false,"sceneViewState":{"showFog":true,"showMaterialUpdate":false,"showSkybox":true,"showFlares":true,"showImageEffects":true,"showParticleSystems":true},"in2DMode":false,"pivot":{"x":5.414200782775879,"y":-1.0786826610565186,"z":0.7079248428344727},"rotation":{"x":-0.10740744322538376,"y":-0.6801863312721252,"z":0.10175881534814835,"w":-0.7179522514343262},"size":8.169364929199219,"orthographic":false}