{"cameraMode":{"drawMode":0,"name":"Shaded","section":"Shading Mode"},"sceneLighting":false,"audioPlay":false,"sceneViewState":{"showFog":true,"showMaterialUpdate":false,"showSkybox":true,"showFlares":true,"showImageEffects":true,"showParticleSystems":true},"in2DMode":false,"pivot":{"x":10.050464630126954,"y":22.58807373046875,"z":26.334226608276368},"rotation":{"x":-0.16066551208496095,"y":-0.7978907823562622,"z":0.24288968741893769,"w":-0.527789294719696},"size":24.044620513916017,"orthographic":false}