{"cameraMode":{"drawMode":0,"name":"Shaded","section":"Shading Mode"},"sceneLighting":false,"audioPlay":false,"sceneViewState":{"showFog":true,"showMaterialUpdate":false,"showSkybox":true,"showFlares":true,"showImageEffects":true,"showParticleSystems":true},"in2DMode":false,"pivot":{"x":1.3055989742279053,"y":-0.600163459777832,"z":-0.08433768153190613},"rotation":{"x":-0.17758822441101075,"y":-0.7503684759140015,"z":0.22351191937923432,"w":-0.5961980223655701},"size":4.4486613273620609,"orthographic":false}