{"cameraMode":{"drawMode":0,"name":"Shaded","section":"Shading Mode"},"sceneLighting":false,"audioPlay":false,"sceneViewState":{"showFog":true,"showMaterialUpdate":false,"showSkybox":true,"showFlares":true,"showImageEffects":true,"showParticleSystems":true},"in2DMode":false,"pivot":{"x":10.313627243041993,"y":2.7083823680877687,"z":16.282150268554689},"rotation":{"x":-0.45511987805366518,"y":-0.32409438490867617,"z":0.18230919539928437,"w":-0.8090686798095703},"size":2.8578836917877199,"orthographic":false}