{"cameraMode":{"drawMode":0,"name":"Shaded","section":"Shading Mode"},"sceneLighting":false,"audioPlay":false,"sceneViewState":{"showFog":true,"showMaterialUpdate":false,"showSkybox":true,"showFlares":true,"showImageEffects":true,"showParticleSystems":true},"in2DMode":false,"pivot":{"x":-9.663314819335938,"y":-1.177484154701233,"z":-1.32234787940979},"rotation":{"x":-0.16135653853416444,"y":-0.4919130802154541,"z":0.09333134442567826,"w":-0.8504557013511658},"size":0.2857885956764221,"orthographic":false}